s1.jpg,토마스모어,TE3-JP02 라이트 패딩 Shirt-블랙,49000,Black,Shirt,Low,No
s2.jpg,토마스모어,TE3-JP02 라이트 패딩 Shirt-코코넛밀크,49000,Grey,Shirt,Low,No
s3.jpg,라퍼지스토어,클래식 오버핏 타탄 체크 Shirt_Black Check,34900,Black,Shirt,Low,No
s4.jpg,토마스모어,TE5-SH08 프렌치 스트라이프 Shirt-Navy,59700,Navy,Shirt,Low,No
s5.jpg,폴로 랄프 로렌,커스텀핏 데님 Shirt (NAVY-410),219000,Navy,Shirt,High,No
s6.jpg,토마스모어,TE5-SH06 옥스포드 버튼다운 Shirt (7co),63700,Black,Shirt,Mid,No
s7.jpg,토마스모어,TE5-SH08 프렌치 스트라이프 Shirt-그레이 그린,63700,Grey,Shirt,Mid,No
s8.jpg,수아레,스튜피드 체크 Shirt 시리즈 - 8 COLOR,61000,Brown,Shirt,Mid,No
s9.jpg,퍼스텝,필드 다잉 루즈핏 Shirt 블랙 SMLS4646,25900,Black,Shirt,Low,No
s10.jpg,라퍼지스토어,헤비 플란넬 오버핏 미니멀 Shirt_Pink Sky Check,44000,Ivory,Shirt,Low,No
s11.jpg,퍼스텝,하울링 체크Shirt 버건디 SMLS4450,42900,Red,Shirt,Low,No
s12.jpg,어나더오피스,Bold Garment Shirt (Concrete),129000,Grey,Shirt,High,No
s13.jpg,부기홀리데이,12 BERKSHIRE FIELD COAT (navy),89000,Navy,Shirt,High,No
s14.jpg,폴로 랄프 로렌,플래드 패턴 포플린 Shirt,259000,Grey,Shirt,High,No
s15.jpg,폴로 랄프 로렌,슬림핏 리넨 Shirt (NAVY-410),189000,Navy,Shirt,High,No
s16.jpg,퍼스텝,하울링 체크Shirt Navy SMLS4450,42900,Navy,Shirt,High,No
s17.jpg,어나더오피스,Bold Garment Shirt (Sumi),87000,Brown,Shirt,High,No
s18.jpg,더 레스큐,FLANNEL TEDDY SHIRT [SALMON MIX],169000,Red,Shirt,High,No
s19.jpg,토마스모어,TE5-SH11 페이디드 Shirt-피치블랙,67500,Black,Shirt,Mid,No
s20.jpg,어나더오피스,Bold Garment Shirt (Dove Gray),71000,Grey,Shirt,Mid,No
